sr_no	column_name	category	description	content_type	granularity	minimum_element	maximum_element	data_owner	confidence_level	criticality	data_volatility	update_frequency	data_type	format_constraints	regex_pattern	nullability	business_rules	data_rules	data_source
1	Company Name	Company Basics	Full legal/official name of the entity	Legal Name	One per Entity	2	255	Legal / Compliance	High	Critical	Static	Ad-hoc (Change Event)	VARCHAR(255)	Standard Case; UTF-8 Support	^[\w\s&.,\-\(\)'\u00C0-\u017F]+$	Not Null	Must match official government registration documents exactly	Trim leading/trailing spaces; No emojis	Company Registry / SEC Filings
2	Short Name	Company Basics	Commonly used short/abbreviated name	Alias / Brand Name	One per Entity	2	100	Marketing / Branding	Medium	Medium	Static	Ad-hoc	VARCHAR(100)	Title Case Preferred	^[\w\s&.\-]+$	Nullable	Used for UI/Mobile displays where full name is too long	Cannot contain restricted words	Marketing Assets / Website
3	Logo	Company Basics	Representative logo URL or image link	URL (Image)	One per Entity	10	2048	Marketing / Branding	High	Medium	Low	Ad-hoc	TEXT (URL)	Must point to valid image format (png; jpg; svg)	^https?:\/\/.*\.(?:png|jpg|jpeg|svg|webp)(?:\?.*)?$	Not Null	Link must resolve to a publicly accessible image; Transparent background preferred	Valid URL structure; Status 200 OK	Official Website / LinkedIn
4	Category	Company Basics	Business classification (Startup, MSME, SMB, Investor, VC)	Classification Tag	One per Entity	2	50	Strategy / Ops	High	High	Low	Annually	VARCHAR(50)	Pre-defined Enums	^(Startup|MSME|SMB|Enterprise|Investor|VC|Conglomerate)$	Not Null	Must map to internal standardized business taxonomy	Case insensitive match against Enum list	Internal Classification / 3rd Party DB
5	Year of Incorporation	Company Basics	Year the company was legally incorporated/founded	Year (YYYY)	One per Entity	4	4	Legal / Compliance	High	Critical	Static	One-time	INTEGER	YYYY format; No future dates	^(19|20) 	Not Null	Cannot be in the future; Cannot be before 1800 (generally)	Must be 4 digits numeric	Company Registry
6	Overview of the Company	Company Narrative	A high-level summary of what the company does and its market position.	Narrative Text	One per Entity	50	5000	Marketing / IR	Medium	Critical	Low	Annually	TEXT	Paragraph structure; Plain Text	[\s\S]*	Not Null	Should include industry; core product; and target audience keywords	Min length 50 chars; Max length 5000	Company Website / Pitch Deck
7	Nature of Company	Company Basics	Ownership structure (Private, Public, Subsidiary, etc.)	Classification	One per Entity	5	50	Legal / Compliance	High	High	Low	Ad-hoc (IPO/M&A)	VARCHAR(50)	Pre-defined Enums	^(Private|Public|Subsidiary|Partnership|Non-Profit|Govt)$	Not Null	Determines regulatory reporting requirements	Match against allowed Legal Structure Types	Legal Filings
8	Company Headquarters	Company Basics	Primary headquarters address and location	Geo-Location (City/Country)	One per Entity	5	255	Operations	High	Critical	Low	Ad-hoc	VARCHAR(255)	City; Country (ISO code preferred)	^[\w\s,.\-]+$	Not Null	Must specify at least City and Country	Validate against global cities database	Company Website
9	Countries Operating In	Geographic Presence	List of countries where the company actively operates	Geo-Location List	One to Many	3	5000	Strategy / Ops	Medium	Medium	Medium	Annually	TEXT	Comma-separated values or ISO Codes	^([A-Za-z\s]+)(,\s*[A-Za-z\s]+)*$	Nullable	Implies revenue generation or physical presence	Split by comma; Validate each against Country List	Annual Report/ Company Website(Added Company website)
10	Number of Offices (beyond HQ)	Geographic Presence	Number of additional offices excluding headquarters	Integer Count	One per Entity	1	10	Operations	Medium	Low	Medium	Annually	INTEGER	Positive Integer	^\d+$	Nullable	Excludes WeWork hot desks unless permanent; Excludes HQ	Must be >= 0	Company Careers Page/ Company Website (Added Company website)
11	Office Locations	Geographic Presence	Specific addresses/locations of all offices	Address List	One to Many	10	5000	Operations	Medium	Low	Medium	Ad-hoc	TEXT	Structured Text / JSON	[\s\S]*	Nullable	List must include City and Country for each entry	Parsing check if JSON; CSV check if text	Company Contact Page
12	Employee Size	People & Talent	Total headcount/employee size (full-time equivalents)	Numeric Range / Count	One per Entity	1	20	HR	High	High	Medium	Quarterly	VARCHAR(50)	Buckets (e.g. 11-50) or Exact Integer	^(\d+|\d+-\d+)$	Not Null	Includes FTEs; Excludes Contractors if possible	If range; Min < Max	LinkedIn / HR Tools
13	Hiring Velocity	People & Talent	Current open job roles count and breakdown by department	Metric / Text	One per Entity	0	1000	HR	Low	Medium	High	Monthly	TEXT	Descriptive stats or Integer count	[\s\S]*	Nullable	Indicates growth stage; High number = scaling	Parse integer if scalar provided	Job Boards / Careers Page
14	Employee Turnover	People & Talent	The annual percentage of employees leaving the organization.	Percentage	One per Entity	1	10	HR	Low	High	Medium	Annually	VARCHAR(10)	Percent format (e.g. 15%)	^\d{1,3}(\.\d{1,2})?%$	Nullable	High turnover (>20%) flags risk	Value between 0% and 100%	HR Reports / Glassdoor/Indeed (Added Indeed)
15	Average Retention Tenure	People & Talent	The average length of time an employee stays with the company.	Duration	One per Entity	1	20	HR	Low	Medium	Low	Annually	VARCHAR(20)	Years (e.g. 2.5 Years)	^\d+(\.\d+)?\s?(Years?|Months?)$	Nullable	calculated based on historical exit data	Parse numeric value	LinkedIn Insights
16	Pain Points Being Addressed	Business Model	Primary customer problems/pain points the company solves	Problem Statement	One to Many	20	2000	Product / Strategy	Medium	High	Low	Ad-hoc	TEXT	Free Text	[\s\S]*	Not Null	Must align with value proposition	Min words > 5	Pitch Deck / Website
17	Focus Sectors / Industries	Business Model	Target industries/sectors using GICS classification	Industry Classification	One to Many	3	500	Strategy	High	Critical	Low	Ad-hoc	VARCHAR(500)	Comma separated	^[\w\s&.,\-/]+$	Not Null	Use standard taxonomies (GICS / NAICS) where possible	Validate against Industry Master List	Pitch Deck
18	Services / Offerings / Products	Business Model	Core products, services, or offerings provided	Product List	One to Many	5	5000	Product	High	Critical	Medium	Quarterly	TEXT	Bulleted or Comma Separated	[\s\S]*	Not Null	Must list revenue-generating items	Keywords extraction	Website Products Page
19	Top Customers by Client Segments	Business Model	Top 10-50 customers grouped by segments	Client List	One to Many	10	5000	Sales	Medium	High	Medium	Quarterly	TEXT	Segment: [Client List]	[\s\S]*	Nullable	Only public references allowed	PII check (ensure no individuals named)	Marketing Case Studies
20	Core Value Proposition	Business Model	Detailed breakdown of specific benefits and unique selling points for customers.	Value Statement	One per Entity	20	2000	Product Marketing	Medium	Critical	Low	Annually	TEXT	Free Text	[\s\S]*	Not Null	Answer 'Why Us?'	Sentiment analysis: Positive	Marketing Collateral
21	Vision	Strategy & Culture	Long-term aspirational goal of the company	Mission Statement	One per Entity	10	500	Executive Office	High	Critical	Static	Ad-hoc	TEXT	Inspirational Text	[\s\S]*	Nullable	Future-oriented statement	Max chars 500	Annual Report
22	Mission	Strategy & Culture	Short-term actionable purpose and objectives	Mission Statement	One per Entity	10	500	Executive Office	High	Critical	Static	Ad-hoc	TEXT	Action-oriented Text	[\s\S]*	Nullable	Present tense; 'To [action]' format preferred	Max chars 500	Annual Report
23	Values	Strategy & Culture	Core principles guiding decisions and behavior	List of Values	One to Many	5	1000	HR / People	High	Medium	Low	Ad-hoc	TEXT	List or comma separated	[\s\S]*	Nullable	Defines culture code	Keyword check against positive sentiment dict	Careers Page
24	Unique Differentiators	Strategy & Culture	Unique features setting the company apart	Differentiation	One to Many	10	2000	Product Marketing	Medium	High	Medium	Bi-Annually	TEXT	Free Text	[\s\S]*	Nullable	Must define competitive moat	Comparative language detection	Pitch Deck
25	Competitive Advantages	Strategy & Culture	Sustainable edges like proprietary tech or network effects	Moat Description	One to Many	10	2000	Strategy	Medium	High	Medium	Annually	TEXT	Free Text	[\s\S]*	Nullable	Focus on Network Effects; IP; Cost; Brand	Keyword check: 'Patent'; 'Proprietary'; 'Exclusive'	Investor Presentation
26	Weaknesses / Gaps in Offering	Strategy & Culture	Notable gaps, limitations, or weaknesses in products/services	SWOT Analysis (Weakness)	One to Many	10	2000	Strategy / Product	Low	Medium	Medium	Quarterly	TEXT	Analytical Text	[\s\S]*	Nullable	Internal view or analyst view	Negative/Neutral sentiment allowed	Analyst Reports
27	Key Challenges and Unmet Needs	Strategy & Culture	Major strategic, operational, or tech challenges faced	Risk Factors	One to Many	10	2000	Strategy	Low	High	High	Quarterly	TEXT	Analytical Text	[\s\S]*	Nullable	High volatility based on market conditions	Contextual validity	Analyst Reports
28	Key Competitors	Competitive Landscape	Direct and indirect competitors in the market	Competitor List	One to Many	3	1000	Strategy	High	Critical	Medium	Quarterly	TEXT	Comma separated List	^[\w\s&.,\-/]+(,\s*[\w\s&.,\-/]+)*$	Not Null	List organizations attacking same TAM	Cross-ref with internal Company Database	Market Research
29	Technology Partners	Competitive Landscape	Strategic tech/alliance partners	Partner List	One to Many	3	1000	Product / Alliances	Medium	Medium	Medium	Bi-Annually	TEXT	Comma separated List	^[\w\s&.,\-/]+(,\s*[\w\s&.,\-/]+)*$	Nullable	Software/Hardware vendors or Integrators	Entity Validation	Partners Page
30	Interesting Facts	Company Narrative	2-3 unique/interesting facts or stories about the company	Trivia	One to Many	10	1000	Marketing	Low	Low	Static	One-time	TEXT	Free Text	[\s\S]*	Nullable	Used for 'Hook' in content	No hate speech / Profanity filter	About Us Page / Blog
31	Recent News	Company Narrative	Key news/events from the last 12-24 months with dates	Timeline / Events	One to Many	20	5000	PR / Marketing	Medium	Medium	High	Weekly	TEXT	Date - Headline - URL format preferred	[\s\S]*	Nullable	Includes PR; acquisitions; funding announcements	Date parser check where applicable	PR Newswire / Crunchbase
32	Website URL	Digital Presence	Primary official website URL	URL	One per Entity	10	500	IT / Marketing	High	Critical	Low	One-time (rare change)	VARCHAR(500)	Valid HTTPS URL; Avoid trailing slashes	^https?:\/\/(www\.)?[-a-zA-Z0-9@:%._\+~#=]{1,256}\.[a-zA-Z0-9()]{1,6}\b([-a-zA-Z0-9()@:%_\+.~#?&//=]*)$	Not Null	Core domain for all tracking metrics	Strip http; trailing slashes for deduplication	Official Registry
33	Quality of Website	Digital Presence	Assessment of site UX, clarity, messaging, professionalism	Qualitative Assessment	One per Entity	10	500	Marketing / Analysts	Low	Low	Low	Bi-Annually	TEXT	Free Text Notes	[\s\S]*	Nullable	Subjective view by analyst or AI agent	Sentiment flag extraction	Analyst Audit
34	Website Rating	Digital Presence	Overall website quality score out of 10	Score	One per Entity	1	4	Marketing / SEO	Medium	Medium	Medium	Monthly	DECIMAL(3,1)	Float from 1.0 to 10.0	^(10(\.0)?|[0-9](\.\d)?)$	Nullable	Used to assess digital maturity	Range constraint: 0.0 to 10.0	Lighthouse / HubSpot Grader
35	Website Traffic Rank	Digital Presence	Global and US traffic rank	Integer (Rank)	One per Entity	1	20	Marketing / SEO	High	Medium	High	Monthly	INTEGER	Positive Integer	^\d+$	Nullable	Lower is better; 1 = Top Rank	Must be non-negative	SimilarWeb / Semrush
36	Social Media Followers – Combined	Digital Presence	Total followers across all social platforms	Metric / Integer	One per Entity	1	20	Marketing	High	Medium	High	Daily	INTEGER	Aggregated Number	^\d+$	Not Null	Aggregates LI; TW; FB; IG; TikTok	Sum check = LI + TW + FB + IG	Social Media APIs
37	Glassdoor Rating	Digital Presence	Employee/review rating on Glassdoor	Rating (Float)	One per Entity	1	3	HR / Talent Acquisition	High	High	Medium	Monthly	DECIMAL(2,1)	Float from 1.0 to 5.0	^[1-5](\.\d)?$	Nullable	Indicates employer brand health	Range constraint: 1.0 to 5.0	Glassdoor API / Scrape
38	Indeed Rating	Digital Presence	Employee/review rating on Indeed	Rating (Float)	One per Entity	1	3	HR / Talent Acquisition	Medium	Medium	Medium	Monthly	DECIMAL(2,1)	Float from 1.0 to 5.0	^[1-5](\.\d)?$	Nullable	Supports blue-collar / large-scale hiring view	Range constraint: 1.0 to 5.0	Indeed
39	Google Reviews Rating	Digital Presence	Customer rating on Google Reviews	Rating (Float)	One per Entity	1	3	Marketing	High	High	High	Daily	DECIMAL(2,1)	Float from 1.0 to 5.0	^[1-5](\.\d)?$	Nullable	Customer satisfaction proxy (B2C heavy)	Range constraint: 1.0 to 5.0	Google Maps API
40	LinkedIn Profile URL	Digital Presence	Official LinkedIn company profile URL	URL (Social)	One per Entity	10	500	Marketing	High	High	Static	One-time	VARCHAR(500)	LinkedIn Domain URL	^https?:\/\/(www\.)?linkedin\.com\/company\/[A-Za-z0-9_\-]+\/?$	Nullable	Primary B2B social source of truth	Contains 'linkedin.com/company/'	LinkedIn
41	Twitter (X) Handle	Digital Presence	Official Twitter/X handle	Social Handle	One per Entity	2	30	Marketing	High	Medium	Low	One-time	VARCHAR(30)	Starts with @ or clean string	^@?[A-Za-z0-9_]{1,15}$	Nullable	Used for social listening and news triggers	Length <= 15 chars (X limit)	Twitter (X)
42	Facebook Page URL	Digital Presence	Official Facebook page URL	URL (Social)	One per Entity	10	500	Marketing	Medium	Medium	Static	One-time	VARCHAR(500)	FB Domain URL	^https?:\/\/(www\.)?facebook\.com\/[A-Za-z0-9_\.\-]+\/?$	Nullable	DTC / B2C Primary channel	Contains 'facebook.com'	Facebook
43	Instagram Page URL	Digital Presence	Official Instagram page URL	URL (Social)	One per Entity	10	500	Marketing	Medium	Medium	Static	One-time	VARCHAR(500)	IG Domain URL	^https?:\/\/(www\.)?instagram\.com\/[A-Za-z0-9_\.\-]+\/?$	Nullable	Visual branding channel	Contains 'instagram.com'	Instagram
44	CEO Name	Leadership	Name of the CEO/equivalent top executive	Person Name	One per Entity	2	100	Executive Office	High	Critical	Low	Annually	VARCHAR(100)	Standard Case	^[A-Za-z-–˜-¸-¿\s.\-']+$	Not Null	Highest authority point of contact	No digits allowed in string	LinkedIn / Company Website
45	CEO LinkedIn URL	Leadership	CEO's LinkedIn profile URL	URL (Profile)	One per Entity	10	500	Executive Office	High	High	Static	Ad-hoc	VARCHAR(500)	LinkedIn Profile URL	^https?:\/\/(www\.)?linkedin\.com\/in\/[A-Za-z0-9_\-]+\/?$	Nullable	Validates executive identity	Contains 'linkedin.com/in/'	LinkedIn
46	Key Business Leaders	Leadership	2-3 key executives: Name, Title, LinkedIn, Email, Phone	Composite Data / JSON	One to Many	10	2000	HR	Medium	Critical	Medium	Quarterly	JSON	Structured dict preferred (Name, Title)	[\s\S]*	Not Null	Required for enterprise B2B mapping	Valid JSON array or specific delimitation	LinkedIn / Clearbit
47	Warm Introduction Pathways	Leadership	Paths for warm intros (shared investors/board/alumni)	Graph / Relational	One to Many	0	1000	Sales / BD	Low	High	Medium	Ad-hoc	TEXT	Connection text description	[\s\S]*	Nullable	Accelerates deal cycles	Lookup common entity names	Relationship Intelligence Tools
48	Decision Maker Accessibility	Leadership	Ease of reaching decision makers (High/Med/Low + reasons)	Categorical Tag	One per Entity	3	250	Sales	Low	Medium	Low	Ad-hoc	VARCHAR(250)	Enum: High, Med, Low + Text	^(High|Medium|Low).*$	Nullable	Guides outbound outreach strategy	Matches Enums	Analyst Assessment
49	Company Contact Email	Contact Info	General company inquiry email	Email Address	One per Entity	5	255	Operations	High	High	Low	Static	VARCHAR(255)	Valid Email	^[a-zA-Z0-9._%+-]+@[a-zA-Z0-9.-]+\.[a-zA-Z]{2,}$	Nullable	Usually info@; contact@; sales@	Standard Email syntax	Company Website
50	Company Phone Number	Contact Info	Primary company phone number	Phone Number	One per Entity	7	20	Operations	High	Medium	Low	Static	VARCHAR(20)	E.164 / International format	^\+?[1-9]\d{1,14}$	Nullable	Must include country code	Digits only after optional '+'	Company Website
51	Primary Contact Person's Name	Contact Info	Name of main point of contact	Person Name	One per Entity	2	100	Sales	Medium	High	Medium	Ad-hoc	VARCHAR(100)	Standard Case	^[A-Za-z\s.\-']+$	Nullable	Requires Data Privacy / GDPR compliance flag	No special chars except hyphens/apostrophes	CRM / Manual Input
52	Primary Contact Person's Title	Contact Info	Title/role of primary contact	Job Title	One per Entity	2	100	Sales	Medium	High	Medium	Ad-hoc	VARCHAR(100)	Text	^[\w\s&.\-]+$	Nullable	Determine BANT/Decision maker capability	Standardizes Title nomenclature	CRM
53	Primary Contact Person's Email	Contact Info	Email of primary contact	Email Address	One per Entity	5	255	Sales	High	Critical	Medium	Ad-hoc	VARCHAR(255)	Valid Email	^[a-zA-Z0-9._%+-]+@[a-zA-Z0-9.-]+\.[a-zA-Z]{2,}$	Nullable	PII Subject; Business domain preferred	No freemail (gmail/yahoo) if B2B flag set	CRM / Apollo
54	Primary Contact Person's Phone Number	Contact Info	Phone of primary contact	Phone Number	One per Entity	7	20	Sales	High	High	Medium	Ad-hoc	VARCHAR(20)	E.164 Format	^\+?[1-9]\d{1,14}$	Nullable	PII Subject; Must be verifiable	Format standardizer applied	CRM
55	Awards & Recognitions	Reputation	Recent awards, certifications, or recognitions	List / Tags	One to Many	3	2000	Marketing	Medium	Low	Low	Annually	TEXT	Free Text list	^[\s\S]*$	Nullable	Increases Trust / Credibility score	Keyword check for Year/Org	Company Website
56	Brand Sentiment Score	Reputation	Overall brand sentiment (qualitative score + data sources)	Sentiment Metric	One per Entity	1	100	Marketing	Low	Medium	Medium	Quarterly	VARCHAR(100)	Number or Category (Positive/Neutral/Negative)	^(Positive|Neutral|Negative)$|^\d{1,3}$	Nullable	Aggregated from PR/News mentions	Must map to standard index 0-100 or Enum	Media Listening Tools
57	Event Participation	Reputation	Recent conferences/events participated in	Event List	One to Many	3	1000	Marketing	Low	Low	Medium	Quarterly	TEXT	Text	^[\s\S]*$	Nullable	Shows industry engagement	String parse	Social Media
58	Regulatory & Compliance Status	Risk & Compliance	Key certifications (SOC2, HIPAA, GDPR, etc.)	Compliance Tags	One to Many	3	500	Legal / SecOps	High	Critical	Low	Annually	VARCHAR(500)	Tag list	^(SOC2|HIPAA|GDPR|ISO27001|PCI-DSS).*$	Nullable	Gatekeeper for Enterprise IT purchasing	Matches industry standard frameworks	Trust Center Page
59	Legal Issues / Controversies	Risk & Compliance	Any ongoing/resolved legal issues or controversies	Risk Text	One to Many	0	5000	Legal / Compliance	Medium	Critical	High	Ad-hoc	TEXT	Free Text or N/A	`^(N/A	Nullable	Vital for Due Diligence	Flag words: 'sued'; 'indicted'; 'breach'	Court Records / News
60	Annual Revenues	Financials	Latest annual revenue figure (exact or estimated)	Financial Metric	One per Entity	1	20	Finance	Medium	Critical	Low	Annually	DECIMAL / VARCHAR	Currency string or BigInt	`^$?(?:\d{1,3}(?:,\d{3})+	Nullable	Often estimated for private cos	Must include currency code (USD assumed if blank)	SEC / Pitchbook / Estimates
61	Annual Profits	Financials	Latest annual profit/loss	Financial Metric	One per Entity	1	20	Finance	Medium	Critical	Medium	Annually	DECIMAL	Currency; Supports negative (loss)	`^-?$?(?:\d{1,3}(?:,\d{3})+	Nullable	EBITDA or Net Income preferred; Clarify which	Negative values allowed (Loss)	Annual Reports / SEC
62	Revenue Mix	Financials	Breakdown of revenue (% recurring vs. one-time/service)	Percentage Breakdown	One per Entity	5	50	Finance	Medium	High	Low	Annually	VARCHAR(50)	Range/Ratio (e.g. 80/20)	^\d{1,3}%?\s?\/\s?\d{1,3}%?$	Nullable	SaaS valuation depends on % recurring	Sum of parts must equal 100%	Investor Deck
63	Company Valuation	Financials	Most recent valuation or estimated value	Financial Metric	One per Entity	1	20	Finance	Medium	Critical	Medium	Quarterly	DECIMAL	Currency String	^\$?[\d,]+(\.\d{2})?[KkMmBb]?$	Nullable	Post-money valuation unless specified	Must be > 0	Pitchbook / TechCrunch
64	Year-over-Year Growth Rate	Financials	YoY revenue growth percentage	Percentage	One per Entity	1	10	Finance	Medium	Critical	Medium	Annually	VARCHAR(10)	Percent (e.g. +25%)	^[+-]?\d{1,3}(\.\d{1,2})?%$	Nullable	Key metric for 'Rule of 40'	Can be negative (contraction)	Annual Reports
65	Profitability Status	Financials	Current profitability (profitable/break-even/loss-making)	Categorical Status	One per Entity	5	20	Finance	High	Critical	Medium	Quarterly	VARCHAR(20)	Enum	^(Profitable|Break-even|Loss-making)$	Not Null	High-level filter for investors	Must match valid statuses	Financial Statements
66	Market Share (%)	Financials	Estimated market share in primary segment	Percentage	One per Entity	1	10	Strategy	Low	High	Low	Annually	VARCHAR(10)	Percent	^\d{1,3}(\.\d{1,2})?%$	Nullable	Usually self-reported or estimated	Value between 0% and 100%	Analyst Reports
67	Key Investors / Backers	Funding	Major investors or backers	Investor List	One to Many	3	2000	Finance	High	Critical	Static	Ad-hoc	TEXT	Comma separated list	^[\w\s&.,\-\(\)]+(,\s*[\w\s&.,\-\(\)]+)*$	Nullable	Signal of due diligence quality (e.g. Sequoia; a16z)	Verify entity names against Investor DB	Crunchbase / Pitchbook
68	Recent Funding Rounds	Funding	Details of recent funding: amount, date, stage	Structured History	One to Many	10	5000	Finance	High	Critical	Low	Ad-hoc	TEXT	Series - Date - Amount	^(\d{4}-\d{2}-\d{2}\s-\s\$?\d+(?:\.\d{2})?)(,\s*\d{4}-\d{2}-\d{2}\s-\s\$?\d+(?:\.\d{2})?)*$	Nullable	Standard stages: Seed; Series A; B; C...	Date format YYYY-MM or text	Crunchbase
69	Total Capital Raised	Funding	Cumulative capital raised to date	Financial Metric	One per Entity	1	20	Finance	High	Critical	Low	Ad-hoc	DECIMAL	Currency String	^\$?[\d,]+(\.\d{2})?[KkMmBb]?$	Nullable	Indicates runway and maturity	Must be >= Max(Single Round)	SEC Filings / Crunchbase
70	ESG Practices or Ratings	Sustainability	ESG practices, scores, or initiatives	Score / Text	One to Many	0	5000	Compliance	Medium	Medium	Medium	Annually	TEXT	Score (e.g. MSCI) or Description	[\s\S]*	Nullable	Growing importance for public markets	Reference standard frameworks (SASB/GRI)	ESG Reports
71	Sales Motion	Sales & Growth	Primary sales approach (PLG, Inside, Field Sales)	Categorical Tag	One to Many	3	100	Sales / Ops	Medium	High	Low	One-time	VARCHAR(100)	Enum / Text	^(PLG|Product-Led|Sales-Led|Field Sales|Channel|Hybrid).*$	Not Null	Determines CAC and GTM strategy	Match known Sales Models	GTM Strategy Deck
72	Customer Acquisition Cost (CAC)	Sales & Growth	Average cost to acquire a customer	Financial Metric	One per Entity	1	20	Sales / Finance	Medium	Critical	Medium	Quarterly	DECIMAL	Currency	^\$?[\d,]+(\.\d{2})?$	Nullable	Calculated: Sales+Marketing Spend / New Logos	Must be > 0	Internal Ops / Investor Update
73	Customer Lifetime Value (CLV)	Sales & Growth	Average revenue per customer over lifetime	Financial Metric	One per Entity	1	20	Sales / Finance	Medium	Critical	Medium	Quarterly	DECIMAL	Currency	^\$?[\d,]+(\.\d{2})?$	Nullable	Calculated: ARPU * Customer Lifetime	Must be > CAC (usually)	Internal Ops / Investor Update
74	CAC:LTV Ratio	Sales & Growth	Ratio of CAC to CLV (ideal >3:1)	Ratio	One per Entity	1	10	Sales / Finance	Medium	High	Medium	Quarterly	VARCHAR(10)	Ratio format (e.g. 3:1 or 3.0)	^\d+(\.\d+)?(:\d+)?$	Nullable	Health metric; Ideal > 3:1	Parse to float quotient	Investor Update
75	Churn Rate	Sales & Growth	Annual customer churn percentage	Percentage	One per Entity	1	10	Success / Product	Medium	Critical	Medium	Monthly	VARCHAR(10)	Percent	^(100(\.0{1,2})?|(\d{1,2})(\.\d{1,2})?)%$	Nullable	Gross or Net Retention flags required	Between 0% and 100%	SaaS Metrics Dashboard
76	Net Promoter Score (NPS)	Sales & Growth	Customer satisfaction score (NPS)	Integer Score	One per Entity	1	4	Success	Medium	Medium	High	Quarterly	INTEGER	Integer -100 to 100	^-?(100|[1-9]\d?|0)$	Nullable	NPS = %Promoters - %Detractors	Min -100; Max 100	Customer Survey
77	Customer Concentration Risk	Sales & Growth	Risk if top client >20% of revenue (yes/no + %)	Risk Flag	One per Entity	2	100	Finance / Risk	High	High	High	Quarterly	TEXT	Boolean + Context	^(Yes|No|High|Low).*$	Nullable	Critical risk if >20% revenue from 1 client	Flag if Yes	Audited Financials
78	Burn Rate	Sales & Growth	The amount of venture capital or cash the company spends monthly.	Financial Metric	One per Entity	1	20	Finance	Medium	Critical	High	Monthly	DECIMAL	Currency (Monthly)	^\$?\d{1,3}(,\d{3})*(\.\d{2})?[KkMmBb]?$	Nullable	Net Burn preferred over Gross	Must be > 0	Investor Updates
79	Runway	Sales & Growth	The number of months the company can operate before running out of cash.	Duration	One per Entity	1	10	Finance	Medium	Critical	High	Monthly	DECIMAL	Months (Number)	^\d+(\.\d+)?$	Nullable	Calculated: Cash / Net Burn	Critical if < 6 months	Investor Updates
80	Burn Multiplier	Sales & Growth	Efficiency metric (e.g., net burn / net new ARR)	Ratio	One per Entity	1	10	Finance	Medium	High	Medium	Quarterly	DECIMAL	Float	^\d+(\.\d+)?$	Nullable	Lower is better (<1 is efficient)	Float value	SaaS Benchmarks
81	Intellectual Property	Innovation	Patents, trademarks, or key IP owned	Asset List	One to Many	5	5000	Legal	High	Medium	Low	Annually	TEXT	List of Patent IDs / Names	[\s\S]*	Nullable	Defensive moat quantification	Regex capture Patent US-XXXX	Patent Office DB
82	R&D Investment	Innovation	R&D spend as % of revenue or absolute amount	Financial Metric	One per Entity	2	20	Finance	High	Medium	Low	Annually	VARCHAR(20)	Currency or Percent	^\$?[\d,]+(\.\d{2})?[KkMmBb]?$	Nullable	Proxy for innovation commitment	Check format	Annual Report
83	AI/ML Adoption Level	Innovation	Level of AI/ML use with specific examples	Categorical / Text	One per Entity	5	500	CTO / Product	Low	Medium	Medium	Bi-Annually	TEXT	Scale (None/Low/Core) + Text	[\s\S]*	Nullable	Differentiate buzzwords from core tech	Keyword extraction (LLM; Neural Networks)	Tech Blog / Product Docs
84	Tech Stack/Tools Used	Operations	Key software/tools/tech stack used	Technology List	One to Many	5	5000	Engineering	High	Medium	Medium	Ad-hoc	TEXT	Comma separated	[\s\S]*	Nullable	Frontend/Backend/Cloud/DevOps	Match against Tech Taxonomy (e.g. AWS; React)	StackShare / Job Posts
85	Cybersecurity Posture	Operations	Cybersecurity certifications or breach history	Compliance Status	One per Entity	5	1000	SecOps	Medium	Critical	High	Ad-hoc	TEXT	Free Text / Certs	[\s\S]*	Nullable	Check for ISO27001; SOC2	Negative news scan for breaches	Security Page / News
86	Supply Chain Dependencies	Operations	Critical suppliers and associated risks	Risk Analysis	One to Many	10	2000	Ops / Supply Chain	Low	Medium	High	Annually	TEXT	Supplier List + Risk Level	[\s\S]*	Nullable	Key for hardware/manufacturing companies	Identify Single Points of Failure	Supplier Portal
87	Geopolitical Risks	Operations	Geopolitical/macro risks (e.g., tariffs, regulations)	Risk Analysis	One to Many	10	5000	Strategy / Risk	Low	High	High	Quarterly	TEXT	Narrative	[\s\S]*	Nullable	Impact of trade wars; sanctions	Sentiment analysis: Negative	Risk Report
88	Macro Risks	Operations	External large-scale factors (political, economic) that could impact the business.	Risk Analysis	One to Many	10	5000	Strategy	Low	High	High	Quarterly	TEXT	PESTLE Analysis components	[\s\S]*	Nullable	Interest rates; inflation impact	Contextual validity	Annual Report
89	Diversity Metrics	People & Talent	Workforce diversity breakdown and DEI efforts	Demographic Data	One per Entity	10	1000	HR / DEI	Medium	Medium	Low	Annually	TEXT	Percentage breakdowns	[\s\S]*	Nullable	Gender; Ethnicity; etc.	Sum check where % provided	CSR Report
90	Remote Work Policy	People & Talent	Remote/hybrid policy (% remote + productivity impact)	Policy Tag	One per Entity	5	100	HR	High	Medium	Medium	One-time	VARCHAR(100)	Enum: Remote-First; Hybrid; On-Site	^(Remote|Hybrid|On-Site|Office-First).*$	Not Null	Talent attraction factor	Match standardized policy types	Careers Page
91	Training/Development Spend	People & Talent	Annual spend on employee training/development	Financial Metric	One per Entity	1	20	HR / Finance	Medium	Low	Low	Annually	VARCHAR(20)	Currency or Per Employee Avg	^\$?[\d,]+(\.\d{2})?(\s?\/|\s?per)?.*$	Nullable	Indicates investment in talent growth	Must be non-negative	HR Budget Reports
92	Partnership Ecosystem	Market	Key strategic partnerships or alliances	Relational Network	One to Many	10	5000	Strategy / Alliances	Medium	Medium	Medium	Bi-Annually	TEXT	List of Partners + Types	^[A-Za-z0-9 &.-]+(,\s*[A-Za-z0-9 &.-]+)*$	Nullable	Value-added resellers; Tech integrators	Entity recognition required	Partner Portal
93	Exit Strategy/History	Market	Potential or past events like IPOs, acquisitions, or mergers.	Strategic Milestone	One per Entity	10	2000	Executive Office	Low	High	Low	Ad-hoc	TEXT	Narrative	(?i).*(IPO|Acquisition).*	Nullable	IPO; M&A; SPAC plans	Keywords: 'IPO'; 'Acquisition'	Press Releases
94	Carbon Footprint/Environmental Impact	Sustainability	Estimated carbon footprint or env. impact	Environmental Metric	One per Entity	5	500	Sustainability	Medium	Medium	Low	Annually	VARCHAR(500)	Metric (CO2e tonnes) or Text	^[\d\.]+\s?CO2e$	Nullable	Required for Scope 1/2/3 reporting	Units must be specified (tCO2e)	ESG Report
95	Ethical Sourcing Practices	Sustainability	Practices for ethical sourcing/supply chain	Policy Description	One per Entity	10	2000	Supply Chain	Medium	Medium	Low	Annually	TEXT	Narrative	(?i).*(Fair Trade|Conflict-free).*	Nullable	Modern Slavery Act compliance etc.	Keyword check: 'Fair Trade'; 'Conflict-free'	ESG Report
96	Benchmark vs. Peers	Benchmarking	Key metrics compared to 3-5 peers	Comparative Analysis	One per Entity	10	5000	Strategy	Medium	High	Medium	Quarterly	TEXT	Narrative / Table	[\s\S]*	Nullable	Contextualizes performance	Must reference valid competitors	Analyst Reports
97	Future Projections	Forecasting	Projected revenue/growth for next 1-3 years	Financial Forecast	One per Entity	10	1000	Finance	Low	Critical	High	Quarterly	TEXT	Year - Metric - Value	(?i)[\s\S]*(202[6-9]|20[3-9][0-9]|Q[1-4])[\s\S]*	Nullable	Forward-looking statement disclaimer usually applies	Logical timeline (Future years only)	Investor Deck
98	Strategic Priorities	Forecasting	Top 3-5 year priorities, initiatives, resource allocation	Strategic Plan	One per Entity	10	2000	Executive Office	High	Critical	Medium	Annually	TEXT	Bulleted List	[\s\S]*	Not Null	Guides resource allocation	Top 3-5 items only	Annual Letter to Shareholders
99	Industry Associations / Memberships	Network	Key industry associations, membership level/role, benefits	Association List	One to Many	5	1000	Marketing / GR	High	Low	Static	Ad-hoc	TEXT	Comma Separated	^[^,]+(?:,\s*[^,]+)*$	Nullable	Lobbying power and standard setting	Verify against known Industry Bodies	Website Footer
100	Case Studies / Public Success Stories	Proof Points	2-5 public case studies with links and results	Content Assets	One to Many	10	5000	Marketing	Medium	High	Low	Ad-hoc	TEXT	Title - URL - Result	^.+ - https?:\/\/.+ - .+$	Nullable	Proof of value proposition	Must contain valid URLs	Website Resources
101	Go-to-Market Strategy	Go-to-Market	Channels, pricing, buyer personas	Strategy Narrative	One per Entity	20	5000	Sales / Marketing	Medium	Critical	Medium	Annually	TEXT	Narrative	(?i)[\s\S]*(plg|direct|channel)[\s\S]*	Not Null	Defines how they sell (Direct; Channel; PLG)	Keywords must align with Sales Motion	Internal Strategy Docs
102	Innovation Roadmap 	Innovation	Upcoming products/features, R&D pipeline status	Product Plan	One per Entity	10	2000	Product	Low	High	High	Quarterly	TEXT	Timeline	(?i)[\s\S]*(202[6-9]|20[3-9][0-9]|Q[1-4])[\s\S]*	Nullable	Highly sensitive/Confidential usually	Dates must be future	Product Launch Events
103	Product Pipeline	Innovation	Upcoming features, products, or services currently in development.	Product Plan	One to Many	10	2000	Product	Low	High	High	Quarterly	TEXT	List of Features	[\s\S]*	Nullable	Differentiate form Roadmap (Specific items vs Timeline)	Unreleased items only	Product Updates
104	Board of Directors / Advisors	Governance	Board/advisor composition, notable members, independence	Person List	One to Many	10	5000	Legal	High	Critical	Low	Annually	TEXT	Name - Role - Affiliation	[\s\S]*	Not Null	Corporate Governance requirement	Cross-ref with LinkedIn for validity	Team Page / SEC Filing
105	Company Introduction / Marketing videos	Digital Presence	Links to official video content or channel playlists.	URL (Video)	One to Many	10	500	Marketing	High	Medium	Low	Ad-hoc	TEXT	URLs (YouTube/Vimeo)	^https?:\/\/(www\.)?(youtube\.com|vimeo\.com|youtu\.be)\/.*$	Nullable	Rich media engagement	Must host on standard video platforms	YouTube Channel
106	Customer testimonial	Proof Points	Quotes or video links from verified customers regarding their experience.	Social Proof	One to Many	10	2000	Marketing	Medium	High	Low	Ad-hoc	TEXT	Quote - Author - Role	[\s\S]*	Nullable	Trust building asset	Must include Attribution (Who said it)	Website Homepage
107	Industry Benchmark Technology Adoption Rating	Benchmarking	A comparison of the company's tech stack maturity against industry peers.	Rating / Score	One per Entity	1	50	CTO	Low	Medium	Low	Annually	VARCHAR(50)	Score (1-10) or Tier (Laggard/Leader)	^([1-9]|10)|(Leader|Challenger|Laggard)$	Nullable	Digital Transformation indicator	Map to standard maturity model	Analyst Reports
108	Total Addressable Market (TAM)	Market	The total global demand or revenue opportunity for a product/service if 100% market share is achieved.	Market Metric	One per Entity	3	20	Strategy	Low	Critical	Low	Annually	VARCHAR(50)	Currency (Big Int)	^\$?[\d,]+(\.\d{2})?[KkMmBbTt]?$	Nullable	Top-down or Bottom-up calculation	Must be >= SAM; Units usually Billions	Investor Pitch
109	Serviceable Addressable Market (SAM)	Market	The portion of TAM that is within the company™s geographic and specialized reach.	Market Metric	One per Entity	3	20	Strategy	Low	Critical	Low	Annually	VARCHAR(50)	Currency (Big Int)	^\$?[\d,]+(\.\d{2})?[KkMmBbTt]?$	Nullable	TAM > SAM	Must be >= SOM; < TAM	Investor Pitch
110	Serviceable Obtainable Market (SOM)	Market	The specific percentage of SAM that the company realistically targets to capture in the short term.	Market Metric	One per Entity	3	20	Strategy	Medium	Critical	Medium	Annually	VARCHAR(50)	Currency (Big Int)	^\$?[\d,]+(\.\d{2})?[KkMmBbTt]?$	Nullable	SAM > SOM	Must be <= SAM	Investor Pitch
111	Work culture	Culture & People	Describes whether the workplace encourages collaboration and mutual support or promotes internal competition and sustained pressure.	Qualitative Attribute	One per Entity	5	500	HR / People Ops	Low	High	Medium	Bi-Annually	TEXT	Descriptive / Categorical	[\s\S]*	Nullable	Impacts retention and brand	Sentiment Analysis (Collaborative vs Toxic)	Glassdoor / Internal Survey
112	Manager quality	Culture & People	Indicates whether managers focus on coaching, mentoring, and long-term growth versus only driving task completion and short-term outcomes.	Qualitative Attribute	One per Entity	5	500	HR	Low	High	Medium	Bi-Annually	TEXT	Descriptive	[\s\S]*	Nullable	Top reason for attrition	Keywords: 'Micromanagement' vs 'Autonomy'	Employee Reviews
113	Psychological safety	Culture & People	Reflects how safe employees feel to speak openly, ask questions, challenge ideas, and admit mistakes without fear of punishment.	Score / Attribute	One per Entity	3	100	HR	Low	High	High	Bi-Annually	VARCHAR(100)	Score (Low/Med/High) or Text	^(Low|Medium|High|Safe|Toxic).*$	Nullable	Critical for innovation	Map to Risk Levels	Internal Pulse Surveys
114	Feedback culture	Culture & People	Shows whether feedback is continuous and constructive or limited to infrequent, formal review cycles.	Attribute	One per Entity	5	250	HR	Low	Medium	Low	Annually	TEXT	Descriptive	[\s\S]*	Nullable	Growth mindset indicator	Keywords: 'Real-time'; 'Annual only'	HR Policy
115	Diversity & inclusion	Culture & People	Evaluates gender balance, inclusion practices, and whether diversity initiatives are meaningful or purely symbolic.	Attribute / Score	One per Entity	5	500	HR / DEI	Medium	High	Medium	Annually	TEXT	Narrative or Stats	[\s\S]*	Nullable	Reputation risk	Check for specific ERGs or Stats	DEI Report
116	Ethical standards	Culture & People	Measures integrity, transparency, fairness, and how the organization handles ethical dilemmas and failures.	Qualitative Attribute	One per Entity	5	500	Legal / HR	Low	Critical	Low	Ad-hoc	TEXT	Narrative	[\s\S]*	Nullable	Foundation of trust	Keywords: 'Integrity'; 'Transparent'	Code of Conduct
117	Typical working hours	WorkLife Balance & Work Patterns	Defines whether work hours are fixed, flexible, or unpredictable on a daily basis.	Attribute	One per Entity	3	50	HR	Medium	High	Low	One-time	VARCHAR(50)	Range (e.g. 9-5) or 'Flexible'	^(\d{1,2}(?::\d{2})?\s?(?:AM|PM|am|pm)?\s?-\s?\d{1,2}(?::\d{2})?\s?(?:AM|PM|am|pm)?|Flexible|Fixed).*$	Nullable	Impacts burnout risk	Standardize time formats	Job Descriptions
118	Overtime expectations	WorkLife Balance & Work Patterns	Assesses whether overtime is occasional and situational or routinely expected.	Attribute	One per Entity	3	100	HR	Medium	Medium	Medium	Bi-Annually	VARCHAR(100)	Descriptive (Routine/Rare)	^(Routine|Rare|Seasonal|Frequent|Occasional).*$	Nullable	Compensated or Uncompensated flag	Keyword mapping	Employee Reviews
119	Weekend work	WorkLife Balance & Work Patterns	Indicates how often employees are required to work on weekends.	Frequency Attribute	One per Entity	3	50	HR	Medium	Medium	High	Bi-Annually	VARCHAR(50)	Frequency Enum	^(Never|Rarely|Occasionally|Frequently|Always).*$	Nullable	Red flag for talent	Standardize frequency enums	Employee Reviews
120	Remote / hybrid / on-site flexibility	WorkLife Balance & Work Patterns	Describes flexibility in choosing between remote, hybrid, or fully on-site work models.	Policy Tag	One per Entity	3	50	HR	High	High	Medium	Quarterly	VARCHAR(50)	Enum	^(Remote|Hybrid|On-Site|Flexible Choice).*$	Not Null	Top candidate requirement 2024+	Match standard models	Careers Page
121	Leave policy	WorkLife Balance & Work Patterns	Evaluates how easy it is to take leaves, including sick leave and mental health days.	Policy Attribute	One per Entity	5	500	HR	Medium	Medium	Low	Annually	TEXT	Narrative / Days Count	[\s\S]*	Nullable	Includes unlimited PTO policies	Check for 'Unlimited' or number of days	HR Handbook
122	Burnout risk	WorkLife Balance & Work Patterns	Measures whether the pace of work is intense but sustainable or leads to frequent burnout and firefighting.	Risk Level	One per Entity	3	20	HR / People Ops	Low	High	High	Bi-Annually	VARCHAR(20)	Enum (Low/Medium/High)	^(Low|Medium|High|Severe).*$	Nullable	High burnout risk correlates with churn	Map sentiment to risk levels	Employee Reviews
123	Central vs peripheral location	Location, Commute & Accessibility	Identifies whether the office is located in a central business area or on the city outskirts.	Location Attribute	One per Entity	3	50	Admin / Facilities	High	Medium	Low	One-time	VARCHAR(50)	Enum (CBD/Outskirts/Suburbs)	^(Central|Peripheral|CBD|Suburbs|Remote).*$	Nullable	Impacts commute and talent pool	Geo-spatial check	Office Address / Maps
124	Public transport access	Location, Commute & Accessibility	Assesses availability and convenience of public transport options near the office.	Accessibility Score	One per Entity	3	50	Admin / Facilities	High	Medium	Low	Static	VARCHAR(50)	Rating or Description	^(Poor|Good|Excellent|Metro Connected|Bus only).*$	Nullable	High importance for junior staff	Proximity check (< 1km)	Maps API
125	Cab availability and company cab policy	Location, Commute & Accessibility	Evaluates availability of cabs and whether the company provides transport support.	Policy / Availability	One per Entity	5	200	Admin / Facilities	Medium	Medium	Low	Annually	TEXT	Policy Text	[\s\S]*	Nullable	Safety factor for late shifts	Keywords: 'Shuttle'; 'Reimbursement'	HR Policy
126	Commute time from airport	Location, Commute & Accessibility	Measures travel time to the nearest airport, relevant for client-facing or travel-heavy roles.	Time Duration	One per Entity	1	20	Admin	High	Low	Static	One-time	INTEGER	Minutes	^\d+$	Nullable	Relevant for Sales/Consulting	Value > 0 minutes	Maps API
127	Office zone type	Location, Commute & Accessibility	Indicates whether the office is in a tech park, IT hub, or mixed-use commercial area.	Location Category	One per Entity	3	100	Admin	High	Low	Static	One-time	VARCHAR(100)	Enum	^(Tech Park|SEZ|Commercial|Residential|Mixed).*$	Nullable	Impacts amenities availability	Map zone classification	Maps API / Address
128	Area safety	Safety & Well-being	Evaluates safety of the surrounding area during both daytime and late hours.	Safety Score	One per Entity	3	50	Security / Admin	Medium	High	Low	Annually	VARCHAR(50)	Rating (Safe/Unsafe)	^(Safe|Moderate|Unsafe|High Crime).*$	Nullable	Duty of care metric	Crime rate index lookup	Crime Stats DB
129	Company safety policies	Safety & Well-being	Assesses company policies related to employee safety, including late-night transport and women safety measures.	Policy Attribute	One per Entity	5	500	HR / Security	High	Critical	Low	Annually	TEXT	Narrative	[\s\S]*	Nullable	Compliance requirement in some geos	Keywords: 'POSH'; 'Escort'; 'CCTV'	HR Handbook
130	Office infrastructure safety	Safety & Well-being	Reviews physical safety standards of office infrastructure and facilities.	Compliance Status	One per Entity	3	50	Facilities	High	Critical	Low	Annually	VARCHAR(50)	Compliance Enum	^(Compliant|Non-Compliant|Certified).*$	Nullable	Fire safety; Building code	Valid certification existence	Safety Audit Report
131	Emergency response preparedness	Safety & Well-being	Measures preparedness for medical, fire, or other emergency situations.	Process Maturity	One per Entity	5	500	Facilities	High	Critical	Low	Annually	TEXT	Drill frequency / Protocols	[\s\S]*	Nullable	ISO 45001 related	Protocol documentation	Internal Logs
132	Health support	Safety & Well-being	Evaluates quality of health insurance, OPD benefits, and mental health support.	Benefit Level	One per Entity	5	500	HR	High	Critical	Low	Annually	TEXT	List of Benefits	[\s\S]*	Nullable	Beyond basic insurance (e.g. Therapy)	Keywords: 'Mental Health'; 'OPD'	Benefits Guide
133	Onboarding and training quality	Learning & Growth Opportunities	Assesses effectiveness of onboarding programs and initial training.	Quality Rating	One per Entity	3	50	HR / L&D	Low	Medium	Medium	Bi-Annually	VARCHAR(50)	Rating or Enum	^(Poor|Average|Good|Structured|Ad-hoc).*$	Nullable	First 90 days retention driver	Derived from new hire sentiment surveys	Glassdoor / Survey
134	Learning culture	Learning & Growth Opportunities	Indicates availability of certifications, courses, and internal learning platforms.	Culture Attribute	One per Entity	5	500	HR / L&D	Medium	Medium	Low	Annually	TEXT	Resources List	[\s\S]*	Nullable	e.g. Udemy access; Stipends	Keywords: 'Udemy'; 'Coursera'; 'Budget'	Careers Page
135	Exposure quality	Learning & Growth Opportunities	Measures exposure to real-world problem solving versus repetitive or low-impact tasks.	Job Quality	One per Entity	5	500	HR / Engineering	Low	High	Medium	Bi-Annually	TEXT	Descriptive	[\s\S]*	Nullable	Critical for junior talent attraction	Analysis of role descriptions	Job Descriptions
136	Mentorship availability	Learning & Growth Opportunities	Evaluates access to experienced mentors and guidance.	Support Attribute	One per Entity	3	50	HR	Low	High	Medium	Bi-Annually	VARCHAR(50)	Enum (Formal/Informal/None)	^(Formal Program|Informal|None|Limited).*$	Nullable	accelerates career growth	Check for 'Mentorship Program'	HR Policy
137	Internal mobility	Learning & Growth Opportunities	Indicates ease of moving across roles or teams internally.	Mobility Score	One per Entity	3	50	HR	Medium	Medium	Medium	Annually	VARCHAR(50)	Enum (High/Med/Low)	^(High|Medium|Low|Frozen).*$	Nullable	Retention lever	% of roles filled internally	HR Reports
138	Promotion clarity	Learning & Growth Opportunities	Clarifies whether promotions are merit-based, time-based, and transparently defined.	Process Transparency	One per Entity	5	500	HR	Low	High	Medium	Annually	TEXT	Narrative	[\s\S]*	Nullable	Major dissatisfaction source	Keywords: 'Rubric'; 'Cycle'; 'Merit'	Employee Handbook
139	Tools and technology access	Learning & Growth Opportunities	Assesses access to modern tools, software, and technologies used in the industry.	Infrastructure Quality	One to Many	5	1000	IT / Ops	High	Medium	Medium	Ad-hoc	TEXT	Tool List	[\s\S]*	Nullable	Hardware/Software quality	Matches industry standards	Job Posts / Tech Blog
140	Role clarity	Role & Work Quality	Measures how clearly role responsibilities and expectations are defined.	Quality Rating	One per Entity	3	50	HR	Low	High	Medium	Ad-hoc	VARCHAR(50)	Enum (High/Low/Vague)	^(High|Medium|Low|Vague|Defined).*$	Nullable	Prevents scope creep	JD vs Reality check	Employee Reviews
141	Early ownership	Role & Work Quality	Assesses level of ownership and responsibility given early in the role.	Attribute	One per Entity	3	50	HR	Low	Medium	Medium	Ad-hoc	VARCHAR(50)	Enum (High/Low)	^(High|Low|Gradual|Immediate).*$	Nullable	Startup vs Corp differentiator	Context: 'Day 1 deployment'	Job Descriptions
142	Work impact	Role & Work Quality	Evaluates whether work impacts internal processes, customers, or revenue directly.	Impact Score	One per Entity	3	50	HR	Low	Medium	Low	Ad-hoc	VARCHAR(50)	Enum (High/Low/Strategic/Ops)	^(High|Medium|Low|Back-office|Front-line).*$	Nullable	Motivation factor	Departmental alignment	Org Chart
143	Execution vs thinking balance	Role & Work Quality	Indicates balance between execution-focused tasks and strategic or analytical thinking.	Role Attribute	One per Entity	3	50	HR	Low	Medium	Low	Ad-hoc	VARCHAR(50)	Ratio/Desc	^(Execution-heavy|Balanced|Strategy-focused).*$	Nullable	Suitability for different personas	Task analysis	Job Description
144	Automation level	Role & Work Quality	Measures reliance on automation versus manual or repetitive work.	Tech Maturity	One per Entity	3	50	Ops / Tech	Low	Medium	Medium	Annually	VARCHAR(50)	Enum (High/Low/Manual)	^(High|Medium|Low|Manual|Automated).*$	Nullable	Efficiency indicator	Tech stack inference	Tech Blog
145	Cross-functional exposure	Role & Work Quality	Assesses opportunities to collaborate with multiple teams or functions.	Collaboration Score	One per Entity	3	50	HR	Low	Medium	Low	Ad-hoc	VARCHAR(50)	Enum (Siloed/Collaborative)	^(Siloed|Collaborative|Matrix|Cross-functional).*$	Nullable	Growth factor	Matrix structure verification	Org Structure
146	Company maturity	Company Stability & Reputation	Identifies whether the company is a startup, scale-up, or mature enterprise.	Lifecycle Stage	One per Entity	3	50	Strategy	High	Critical	Low	Annually	VARCHAR(50)	Enum	^(Startup|Scale-up|Mature|Enterprise|Declining).*$	Not Null	Risk/Reward profile	Age + Revenue + Headcount rules	General Info
147	Brand value	Company Stability & Reputation	Evaluates brand recognition and perceived resume value.	Reputation Score	One per Entity	3	50	Marketing / HR	Low	High	Low	Annually	VARCHAR(50)	Tier (Tier 1/2/3)	^(Tier 1|Tier 2|Tier 3|Unkown|Unicorn).*$	Nullable	Resume weight	Search volume / Social Mentions	Google Trends
148	Client quality	Company Stability & Reputation	Assesses quality of clients and their standing in the industry.	Client Tier	One per Entity	3	50	Sales	Medium	High	Medium	Annually	VARCHAR(50)	Desc (Fortune 500/SMB/etc)	^(Fortune 500|Enterprise|SMB|Mid-market).*$	Nullable	Revenue stability proxy	Check Client List logos	Website
149	Layoff history	Company Stability & Reputation	Reviews past instances of layoffs, restructuring, or instability.	Risk History	One to Many	5	1000	HR / PR	High	Critical	High	Quarterly	TEXT	Date - % impacted	[\s\S]*	Nullable	Major stability red flag	Keywords: 'RIF'; 'Layoff'; 'Restructuring'	News / Layoffs.fyi
150	Fixed vs variable pay	Compensation & Benefits	Indicates proportion of fixed salary versus variable or performance-linked pay.	Pay Structure	One per Entity	3	50	HR / Finance	High	Critical	Low	Annually	VARCHAR(50)	Ratio (e.g. 70:30) or Description	^(\d{1,3}:\d{1,3}|Fixed Only|Variable Heavy).*$	Nullable	Sales roles typically high variable; Engineering high fixed	Sum of parts = 100 if ratio	Offer Letters / Glassdoor
151	Bonus predictability	Compensation & Benefits	Measures consistency and reliability of bonuses.	Financial Reliability	One per Entity	3	50	HR	Low	High	Medium	Annually	VARCHAR(50)	Enum (Guaranteed/Performance/Discretionary)	^(Guaranteed|Performance-linked|Discretionary|Unpredictable).*$	Nullable	Impacts total compensation realization	Map to reliability scale	Employee Reviews
152	ESOPs and long-term incentives	Compensation & Benefits	Evaluates ESOPs or long-term incentives and their actual realized value.	Equity Comp	One per Entity	5	1000	Finance / HR	Medium	Critical	Medium	Annually	TEXT	Narrative / Terms	[\s\S]*	Nullable	Wealth creation vehicle	Keywords: 'Vesting'; 'Strike Price'; 'RSU'	Offer Data / Blind
153	Family health insurance	Compensation & Benefits	Assesses health insurance coverage for employees and dependents.	Benefit Policy	One per Entity	3	500	HR	High	High	Low	Annually	VARCHAR(500)	Policy Details (Employee+Spouse+Kids)	[\s\S]*	Nullable	Standard for top-tier employers	Keywords: 'Dependents'; 'Parents'; 'Maternity'	Benefits Handbook
154	Relocation support	Compensation & Benefits	Indicates support provided for relocation expenses.	Policy Attribute	One per Entity	3	200	HR	Medium	Medium	Low	Ad-hoc	TEXT	Monetary Cap or Description	[\s\S]*	Nullable	Hiring lever for global talent	Check for amount or 'Full Support'	Careers Page
155	Lifestyle and wellness benefits	Compensation & Benefits	Reviews additional benefits such as meals, transport, and wellness programs.	Perks List	One to Many	3	2000	HR	Medium	Low	Medium	Annually	TEXT	List of Perks	[\s\S]*	Nullable	Gym; Food; Travel; etc.	List separation	Careers Page
156	Exit opportunities	Long-Term Career Signaling	Tracks typical career paths of former employees.	Career Data	One to Many	5	5000	Alumni / HR	Medium	High	Low	Annually	TEXT	List of Target Companies/Roles	[\s\S]*	Nullable	Where do people go next? (MAANG; Founders)	Entity recognition of Next Employer	LinkedIn Alumni Data
157	Skill relevance	Long-Term Career Signaling	Evaluates relevance of skills gained to the broader industry.	Skill Quality	One per Entity	3	50	L&D / Market	Low	High	Medium	Annually	VARCHAR(50)	Enum (High/Niche/Obsolete)	^(High|Medium|Low|Niche|Legacy).*$	Nullable	Employability index	Compare stack vs Market Trends	Job Descriptions
158	External recognition	Long-Term Career Signaling	Measures recognition and credibility among top-tier employers.	Reputation Score	One per Entity	3	50	Brand	Low	Medium	Low	Annually	VARCHAR(50)	Enum (High/Local/Global)	^(High|Medium|Low|Global|Unknown).*$	Nullable	Resume power	Prestige proxy	Market Survey
159	Network strength	Long-Term Career Signaling	Assesses strength of alumni and leadership networks.	Network Quality	One per Entity	3	50	Alumni	Low	Medium	Low	Static	VARCHAR(50)	Enum (Strong/Weak/Ex-Founder Mafia)	^(Strong|Weak|Moderate|Mafia).*$	Nullable	Access to VC or high roles later	Alumni success rate	LinkedIn
160	Global exposure	Long-Term Career Signaling	Indicates exposure to global clients, teams, or markets.	Experience Attribute	One per Entity	3	50	HR	Medium	Medium	Low	Static	VARCHAR(50)	Enum (Yes/No/Limited)	^(Yes|No|Limited).*$	Nullable	Cultural competency builder	Geographic presence check	Company Locations
161	Mission clarity	Values Alignment	Evaluates clarity and consistency of the company™s mission and purpose.	Alignment Score	One per Entity	3	50	Executive Office	Low	High	Low	Annually	VARCHAR(50)	Enum (Clear/Confusing/Generic)	^(Clear|Confusing|Generic|Inspiring).*$	Nullable	Engagement driver	Employee survey sentiment	Glassdoor / Survey
162	Sustainability and CSR	Values Alignment	Assesses commitment to sustainability and social responsibility.	CSR Rating	One per Entity	5	500	CSR / Impact	Medium	Medium	Medium	Annually	TEXT	Narrative / Score	[\s\S]*	Nullable	Gen-Z attraction lever	Greenwashing detection (verify claims)	Impact Report
163	Crisis behavior	Values Alignment	Reviews company behavior and decision-making during crises.	Ethics History	One to Many	10	2000	PR / Comms	High	Critical	High	Ad-hoc	TEXT	Narrative (Event + Response)	[\s\S]*	Nullable	True test of culture (e.g. Covid response)	Historical news analysis	News Archives